Rk,Team,Age,W,L,W/L%,PW,PL,ORtg,DRtg,NRtg,Pace,FTr,3PAr,TS%,Unnamed: 15,eFG%,TOV%,ORB%,FT/FGA,Unnamed: 20,eFG%.1,TOV%.1,DRB%,FT/FGA.1
1.0,Portland Trail Blazers,30.0,10.0,6.0,0.625,11.0,5.0,107.7,102.2,5.5,85.9,0.386,0.2,0.541,,0.481,12.9,25.9,0.303,,0.478,13.4,75.0,0.248
2.0,Miami Heat,29.6,6.0,4.0,0.6,6.0,4.0,97.4,94.4,3.0,84.6,0.328,0.202,0.493,,0.451,14.1,25.7,0.227,,0.431,13.5,80.8,0.269
3.0,Indiana Pacers,30.9,13.0,10.0,0.565,14.0,9.0,109.7,106.8,2.9,89.0,0.322,0.239,0.545,,0.488,11.4,25.1,0.267,,0.481,11.2,73.0,0.22
4.0,Los Angeles Lakers,29.3,15.0,8.0,0.652,13.0,10.0,110.1,107.5,2.6,90.3,0.393,0.192,0.529,,0.498,11.4,30.6,0.245,,0.476,12.1,73.7,0.289
5.0,Milwaukee Bucks,27.6,2.0,3.0,0.4,3.0,2.0,107.5,105.5,2.0,89.3,0.266,0.14,0.52,,0.479,11.3,28.5,0.203,,0.446,11.0,70.4,0.262
6.0,New York Knicks,29.7,9.0,7.0,0.563,7.0,9.0,99.8,101.1,-1.3,84.0,0.318,0.158,0.512,,0.462,12.5,20.3,0.243,,0.442,12.5,73.3,0.25
7.0,Seattle Supersonics,27.9,2.0,3.0,0.4,2.0,3.0,104.5,105.8,-1.3,89.2,0.291,0.206,0.519,,0.481,14.0,28.7,0.209,,0.508,15.5,71.9,0.214
8.0,San Antonio Spurs,31.0,1.0,3.0,0.25,2.0,2.0,90.0,91.4,-1.4,90.8,0.401,0.145,0.457,,0.391,15.4,26.5,0.293,,0.421,14.5,70.8,0.149
9.0,Philadelphia 76ers,27.6,5.0,5.0,0.5,5.0,5.0,106.5,108.0,-1.5,87.5,0.369,0.154,0.507,,0.452,12.0,31.2,0.274,,0.49,13.1,72.4,0.256
10.0,Minnesota Timberwolves,26.6,1.0,3.0,0.25,2.0,2.0,103.4,105.8,-2.4,82.5,0.229,0.127,0.506,,0.467,12.2,27.9,0.18,,0.476,13.5,73.9,0.265
11.0,Charlotte Hornets,29.2,1.0,3.0,0.25,2.0,2.0,104.6,107.8,-3.2,85.0,0.36,0.2,0.525,,0.46,15.1,32.9,0.297,,0.466,12.3,70.1,0.244
12.0,Phoenix Suns,28.4,4.0,5.0,0.444,3.0,6.0,96.6,100.6,-4.0,90.5,0.274,0.204,0.474,,0.435,14.3,30.3,0.192,,0.436,13.3,68.9,0.305
13.0,Toronto Raptors,29.8,0.0,3.0,0.0,1.0,2.0,97.3,101.9,-4.6,86.0,0.419,0.212,0.477,,0.403,14.1,30.7,0.324,,0.493,16.7,79.5,0.323
14.0,Utah Jazz,32.2,4.0,6.0,0.4,3.0,7.0,100.6,106.2,-5.6,87.8,0.318,0.165,0.519,,0.475,14.9,26.4,0.235,,0.483,13.9,72.1,0.264
15.0,Sacramento Kings,27.2,2.0,3.0,0.4,1.0,4.0,105.0,113.7,-8.7,91.8,0.37,0.215,0.512,,0.456,11.3,26.3,0.279,,0.488,10.0,62.0,0.195
16.0,Detroit Pistons,28.4,0.0,3.0,0.0,0.0,3.0,88.7,100.2,-11.5,89.8,0.389,0.168,0.49,,0.435,17.3,15.4,0.279,,0.512,17.1,77.3,0.233
,League Average,29.5,,,,5.0,5.0,104.2,104.2,,87.8,0.342,0.19,0.517,,0.469,12.8,27.0,0.252,,0.469,12.8,73.0,0.252
1.0,Los Angeles Lakers,28.3,15.0,1.0,0.938,14.0,2.0,111.6,97.9,13.7,92.0,0.375,0.194,0.542,,0.505,12.8,33.0,0.254,,0.433,13.1,74.1,0.249
2.0,Charlotte Hornets,28.1,6.0,4.0,0.6,7.0,3.0,108.0,100.9,7.1,88.6,0.402,0.154,0.521,,0.462,11.6,30.3,0.301,,0.47,14.7,73.8,0.211
3.0,Milwaukee Bucks,28.4,10.0,8.0,0.556,10.0,8.0,107.8,106.2,1.6,88.3,0.294,0.218,0.526,,0.476,12.5,30.4,0.235,,0.447,10.8,68.8,0.242
4.0,Toronto Raptors,29.6,6.0,6.0,0.5,6.0,6.0,106.0,105.0,1.0,86.9,0.262,0.19,0.52,,0.481,13.3,29.4,0.198,,0.477,13.8,71.4,0.259
5.0,Sacramento Kings,26.8,3.0,5.0,0.375,4.0,4.0,101.5,101.3,0.2,96.2,0.333,0.166,0.495,,0.432,14.4,32.0,0.272,,0.448,13.0,69.9,0.256
6.0,Philadelphia 76ers,28.3,12.0,11.0,0.522,11.0,12.0,105.7,105.8,-0.1,87.0,0.332,0.141,0.498,,0.445,11.8,32.7,0.253,,0.486,13.3,71.5,0.201
7.0,San Antonio Spurs,30.2,7.0,6.0,0.538,6.0,7.0,102.2,102.6,-0.4,89.6,0.353,0.2,0.521,,0.475,13.7,25.0,0.253,,0.442,11.1,70.7,0.202
8.0,New York Knicks,29.9,2.0,3.0,0.4,2.0,3.0,101.3,105.0,-3.7,87.8,0.328,0.165,0.545,,0.496,15.2,22.4,0.255,,0.462,13.3,70.1,0.231
9.0,Dallas Mavericks,26.1,4.0,6.0,0.4,4.0,6.0,104.2,108.4,-4.2,88.5,0.317,0.213,0.501,,0.436,11.2,27.0,0.269,,0.491,13.1,69.7,0.255
10.0,Utah Jazz,32.6,2.0,3.0,0.4,2.0,3.0,103.8,108.6,-4.8,86.3,0.332,0.141,0.503,,0.447,12.0,30.3,0.257,,0.468,13.1,75.0,0.332
11.0,Orlando Magic,25.9,1.0,3.0,0.25,1.0,3.0,107.9,113.9,-6.0,92.8,0.273,0.228,0.511,,0.479,10.1,27.4,0.187,,0.453,10.3,63.4,0.334
12.0,Indiana Pacers,27.8,1.0,3.0,0.25,1.0,3.0,100.3,107.5,-7.2,87.0,0.228,0.222,0.482,,0.436,12.1,26.4,0.188,,0.444,10.6,65.9,0.277
13.0,Minnesota Timberwolves,27.8,1.0,3.0,0.25,1.0,3.0,93.5,100.9,-7.4,87.7,0.27,0.126,0.461,,0.406,12.5,25.0,0.22,,0.47,14.1,75.9,0.257
14.0,Phoenix Suns,28.7,1.0,3.0,0.25,1.0,3.0,92.2,102.1,-9.9,96.0,0.254,0.19,0.445,,0.404,12.1,27.7,0.182,,0.434,15.1,65.8,0.282
15.0,Portland Trail Blazers,31.3,0.0,3.0,0.0,0.0,3.0,97.3,113.4,-16.1,91.4,0.341,0.266,0.507,,0.454,14.6,22.1,0.258,,0.486,10.6,65.6,0.237
16.0,Miami Heat,29.8,0.0,3.0,0.0,0.0,3.0,87.5,112.4,-24.9,89.6,0.267,0.23,0.484,,0.447,18.8,18.8,0.189,,0.496,13.6,69.7,0.363
,League Average,28.6,,,,4.0,4.0,104.5,104.5,,89.3,0.322,0.185,0.511,,0.462,12.7,29.3,0.244,,0.462,12.7,70.7,0.244
1.0,Los Angeles Lakers,28.1,15.0,4.0,0.789,12.0,7.0,106.4,102.3,4.1,91.5,0.349,0.224,0.527,,0.482,12.9,29.1,0.252,,0.455,12.1,72.9,0.231
2.0,San Antonio Spurs,28.3,4.0,6.0,0.4,6.0,4.0,106.2,102.7,3.5,85.8,0.349,0.193,0.518,,0.465,11.2,26.6,0.266,,0.466,11.4,72.4,0.175
3.0,Boston Celtics,27.1,9.0,7.0,0.563,10.0,6.0,101.5,98.4,3.1,89.9,0.292,0.292,0.515,,0.469,13.8,25.0,0.226,,0.45,14.3,75.1,0.253
4.0,Sacramento Kings,27.2,10.0,6.0,0.625,9.0,7.0,106.3,103.9,2.4,93.9,0.363,0.196,0.529,,0.478,13.4,29.4,0.269,,0.46,12.9,69.6,0.222
5.0,Dallas Mavericks,26.5,4.0,4.0,0.5,4.0,4.0,111.7,111.4,0.3,96.4,0.287,0.251,0.55,,0.499,11.2,24.2,0.24,,0.493,12.9,67.6,0.288
6.0,Indiana Pacers,26.1,2.0,3.0,0.4,3.0,2.0,97.1,96.9,0.2,90.6,0.297,0.155,0.533,,0.489,17.5,21.5,0.226,,0.448,13.7,75.8,0.205
7.0,Charlotte Hornets,28.7,4.0,5.0,0.444,4.0,4.0,103.9,103.9,0.0,90.4,0.399,0.151,0.505,,0.449,13.4,33.2,0.289,,0.454,12.4,73.4,0.291
8.0,New Jersey Nets,26.4,11.0,9.0,0.55,10.0,10.0,102.3,102.3,0.0,92.3,0.324,0.176,0.503,,0.457,13.0,27.5,0.235,,0.472,14.5,72.3,0.277
9.0,Detroit Pistons,29.3,4.0,6.0,0.4,5.0,5.0,96.1,96.5,-0.4,86.4,0.304,0.307,0.497,,0.454,14.9,22.9,0.22,,0.446,15.5,72.1,0.202
10.0,Utah Jazz,30.0,1.0,3.0,0.25,2.0,2.0,98.6,99.8,-1.2,89.2,0.34,0.145,0.482,,0.437,15.3,33.7,0.233,,0.436,16.6,69.1,0.336
11.0,Toronto Raptors,29.9,2.0,3.0,0.4,2.0,3.0,97.8,101.1,-3.3,85.7,0.267,0.137,0.486,,0.444,15.6,32.1,0.197,,0.468,15.4,74.3,0.281
12.0,Orlando Magic,28.5,1.0,3.0,0.25,1.0,3.0,101.2,106.6,-5.4,88.1,0.395,0.21,0.509,,0.451,11.5,20.8,0.293,,0.445,12.8,65.9,0.31
13.0,Portland Trail Blazers,29.2,0.0,3.0,0.0,1.0,2.0,99.3,105.1,-5.8,92.0,0.337,0.22,0.485,,0.423,13.5,26.9,0.268,,0.487,13.0,77.4,0.327
14.0,Philadelphia 76ers,29.8,2.0,3.0,0.4,1.0,4.0,102.1,112.2,-10.1,87.2,0.435,0.177,0.508,,0.44,14.1,29.9,0.329,,0.541,13.8,76.5,0.184
15.0,Minnesota Timberwolves,26.5,0.0,3.0,0.0,1.0,2.0,105.5,116.6,-11.1,96.6,0.428,0.156,0.53,,0.475,14.0,30.3,0.309,,0.521,9.9,80.8,0.277
16.0,Seattle Supersonics,27.0,2.0,3.0,0.4,1.0,4.0,101.7,113.8,-12.1,84.7,0.239,0.153,0.49,,0.46,10.8,26.6,0.163,,0.503,10.0,72.7,0.263
,League Average,27.8,,,,4.0,4.0,103.3,103.3,,90.5,0.334,0.208,0.514,,0.466,13.3,27.5,0.248,,0.466,13.3,72.5,0.248
1.0,San Antonio Spurs,27.1,16.0,8.0,0.667,17.0,7.0,103.7,97.7,6.0,91.0,0.399,0.198,0.525,,0.476,14.4,28.6,0.284,,0.439,14.0,73.4,0.216
2.0,New Jersey Nets,27.3,14.0,6.0,0.7,12.0,8.0,102.6,98.9,3.7,89.9,0.336,0.165,0.506,,0.453,14.1,30.9,0.256,,0.464,14.8,76.7,0.252
3.0,Sacramento Kings,28.3,7.0,5.0,0.583,7.0,5.0,112.0,109.6,2.4,94.7,0.341,0.215,0.549,,0.499,12.0,29.3,0.265,,0.495,12.7,70.7,0.216
4.0,Portland Trail Blazers,28.1,3.0,4.0,0.429,4.0,3.0,115.2,114.1,1.1,87.9,0.373,0.215,0.551,,0.501,13.0,36.3,0.28,,0.507,11.1,72.7,0.228
5.0,Detroit Pistons,27.9,8.0,9.0,0.471,9.0,8.0,102.7,101.7,1.0,86.5,0.416,0.258,0.515,,0.455,13.3,25.5,0.308,,0.459,14.8,70.6,0.253
6.0,Philadelphia 76ers,29.0,6.0,6.0,0.5,6.0,6.0,105.8,104.8,1.0,85.6,0.345,0.141,0.527,,0.468,14.5,31.3,0.277,,0.473,13.8,72.3,0.268
7.0,Los Angeles Lakers,27.9,6.0,6.0,0.5,6.0,6.0,107.1,106.9,0.2,92.8,0.313,0.24,0.529,,0.491,12.7,27.9,0.222,,0.5,13.1,76.2,0.251
8.0,Dallas Mavericks,27.8,10.0,10.0,0.5,10.0,10.0,110.5,111.1,-0.6,93.2,0.245,0.269,0.546,,0.503,11.6,25.0,0.203,,0.494,12.5,70.4,0.286
9.0,Boston Celtics,27.0,4.0,6.0,0.4,5.0,5.0,101.4,102.1,-0.7,90.4,0.303,0.307,0.528,,0.477,14.2,20.8,0.243,,0.449,14.0,73.0,0.311
10.0,New Orleans Hornets,28.8,2.0,4.0,0.333,3.0,3.0,106.4,108.3,-1.9,87.2,0.328,0.222,0.526,,0.479,14.2,31.5,0.244,,0.471,14.0,68.5,0.306
11.0,Milwaukee Bucks,30.3,2.0,4.0,0.333,2.0,4.0,105.8,110.5,-4.7,90.9,0.312,0.214,0.541,,0.499,12.9,21.0,0.233,,0.494,14.7,65.3,0.306
12.0,Phoenix Suns,25.4,2.0,4.0,0.333,2.0,4.0,91.5,97.3,-5.8,91.4,0.265,0.187,0.456,,0.414,14.8,27.8,0.189,,0.438,16.8,67.4,0.302
13.0,Indiana Pacers,26.2,2.0,4.0,0.333,2.0,4.0,100.9,107.1,-6.2,88.8,0.418,0.227,0.496,,0.422,13.3,29.4,0.33,,0.492,12.3,79.2,0.251
14.0,Minnesota Timberwolves,28.0,2.0,4.0,0.333,2.0,4.0,104.2,110.8,-6.6,94.8,0.319,0.173,0.544,,0.492,14.6,22.6,0.257,,0.498,10.7,70.9,0.211
15.0,Orlando Magic,26.5,3.0,4.0,0.429,2.0,5.0,99.5,107.8,-8.3,88.0,0.357,0.223,0.517,,0.459,15.3,24.7,0.279,,0.462,13.0,69.2,0.328
16.0,Utah Jazz,31.2,1.0,4.0,0.2,1.0,4.0,104.2,116.1,-11.9,89.2,0.386,0.087,0.511,,0.446,15.3,35.4,0.303,,0.516,12.9,65.3,0.272
,League Average,27.8,,,,6.0,5.0,105.1,105.1,,90.3,0.34,0.215,0.525,,0.474,13.6,27.9,0.259,,0.474,13.6,72.1,0.259
1.0,Detroit Pistons,27.3,16.0,7.0,0.696,17.0,6.0,99.3,92.0,7.3,86.1,0.359,0.182,0.493,,0.439,14.4,30.2,0.263,,0.423,15.4,74.6,0.227
2.0,Indiana Pacers,26.7,10.0,6.0,0.625,11.0,5.0,98.9,93.7,5.2,86.5,0.33,0.237,0.497,,0.448,13.6,25.5,0.242,,0.422,15.6,74.4,0.27
3.0,San Antonio Spurs,26.8,6.0,4.0,0.6,6.0,4.0,102.4,98.8,3.6,87.2,0.314,0.248,0.515,,0.485,15.2,30.1,0.202,,0.482,15.3,77.1,0.256
4.0,New Jersey Nets,27.7,7.0,4.0,0.636,7.0,4.0,96.4,93.7,2.7,88.9,0.416,0.225,0.512,,0.454,17.7,26.5,0.303,,0.419,15.0,72.0,0.245
5.0,Dallas Mavericks,26.7,1.0,4.0,0.2,3.0,2.0,103.4,102.0,1.4,96.3,0.245,0.18,0.466,,0.422,11.3,36.7,0.189,,0.481,14.7,71.6,0.204
6.0,Los Angeles Lakers,30.2,13.0,9.0,0.591,12.0,10.0,100.8,99.8,1.0,86.6,0.375,0.207,0.508,,0.477,12.7,24.4,0.229,,0.456,14.3,72.2,0.237
7.0,Miami Heat,25.9,6.0,7.0,0.462,7.0,6.0,97.3,97.1,0.2,86.4,0.343,0.179,0.489,,0.433,14.1,27.2,0.258,,0.445,15.8,72.8,0.257
8.0,Sacramento Kings,29.0,7.0,5.0,0.583,6.0,6.0,101.0,100.9,0.1,93.4,0.299,0.202,0.507,,0.46,13.2,24.8,0.227,,0.447,13.4,69.3,0.208
9.0,Minnesota Timberwolves,30.0,10.0,8.0,0.556,9.0,9.0,101.9,101.9,0.0,89.8,0.302,0.198,0.527,,0.479,14.7,24.2,0.236,,0.463,12.1,73.3,0.211
10.0,New Orleans Hornets,30.1,3.0,4.0,0.429,3.0,4.0,92.5,95.9,-3.4,87.1,0.272,0.243,0.472,,0.422,16.7,28.5,0.212,,0.431,14.9,71.4,0.249
11.0,Denver Nuggets,26.5,1.0,4.0,0.2,2.0,3.0,99.2,103.6,-4.4,91.4,0.193,0.149,0.479,,0.452,13.1,31.7,0.135,,0.503,15.9,75.8,0.253
12.0,Houston Rockets,28.0,1.0,4.0,0.2,1.0,4.0,94.5,100.5,-6.0,87.7,0.306,0.204,0.501,,0.458,16.6,24.0,0.22,,0.458,10.2,77.7,0.226
13.0,New York Knicks,28.5,0.0,4.0,0.0,0.0,4.0,90.4,104.1,-13.7,92.9,0.316,0.181,0.461,,0.411,15.1,26.3,0.228,,0.505,18.1,73.9,0.333
14.0,Milwaukee Bucks,27.5,1.0,4.0,0.2,1.0,4.0,95.3,109.3,-14.0,89.9,0.278,0.185,0.49,,0.447,15.8,25.8,0.206,,0.494,13.3,68.3,0.24
15.0,Memphis Grizzlies,26.0,0.0,4.0,0.0,0.0,4.0,97.1,113.4,-16.3,86.0,0.324,0.176,0.504,,0.45,14.7,23.8,0.252,,0.561,16.4,68.5,0.233
16.0,Boston Celtics,26.2,0.0,4.0,0.0,0.0,4.0,92.1,110.4,-18.3,91.7,0.383,0.223,0.513,,0.445,19.3,23.1,0.309,,0.501,11.9,72.2,0.195
,League Average,28.0,,,,5.0,5.0,98.8,98.8,,88.4,0.328,0.203,0.5,,0.454,14.5,27.0,0.237,,0.454,14.5,73.0,0.237
1.0,Detroit Pistons,28.1,15.0,10.0,0.6,17.0,8.0,105.0,99.5,5.5,85.3,0.286,0.176,0.508,,0.466,12.1,29.8,0.212,,0.47,14.5,74.8,0.219
2.0,San Antonio Spurs,28.6,16.0,7.0,0.696,15.0,8.0,110.0,105.1,4.9,87.3,0.367,0.24,0.546,,0.5,14.1,31.1,0.267,,0.471,12.1,71.4,0.218
3.0,Miami Heat,28.2,11.0,4.0,0.733,10.0,5.0,107.2,102.5,4.7,90.2,0.409,0.211,0.568,,0.533,15.1,22.5,0.273,,0.449,11.2,73.1,0.241
4.0,Phoenix Suns,26.2,9.0,6.0,0.6,9.0,6.0,118.2,113.8,4.4,94.1,0.304,0.233,0.582,,0.544,11.8,29.2,0.233,,0.508,11.0,68.4,0.19
5.0,Boston Celtics,26.7,3.0,4.0,0.429,3.0,4.0,100.6,101.3,-0.7,85.9,0.306,0.2,0.52,,0.475,15.4,26.2,0.231,,0.444,15.6,73.6,0.359
6.0,Dallas Mavericks,27.7,6.0,7.0,0.462,6.0,7.0,113.3,115.0,-1.7,92.1,0.338,0.207,0.544,,0.492,12.0,32.5,0.266,,0.525,13.0,70.1,0.251
7.0,Chicago Bulls,26.4,2.0,4.0,0.333,3.0,3.0,106.3,108.2,-1.9,96.4,0.368,0.274,0.521,,0.472,13.4,30.0,0.266,,0.472,12.6,70.3,0.321
8.0,Seattle Supersonics,26.3,6.0,5.0,0.545,5.0,6.0,111.1,113.0,-1.9,88.7,0.369,0.203,0.547,,0.489,13.3,33.3,0.295,,0.493,12.6,69.2,0.286
9.0,Washington Wizards,25.5,4.0,6.0,0.4,4.0,6.0,105.6,108.2,-2.6,95.1,0.409,0.228,0.515,,0.459,12.3,28.9,0.298,,0.505,14.6,70.5,0.26
10.0,Houston Rockets,29.8,3.0,4.0,0.429,3.0,4.0,111.7,114.9,-3.2,87.3,0.344,0.236,0.564,,0.513,14.2,27.8,0.272,,0.498,12.9,66.8,0.316
11.0,Indiana Pacers,29.2,6.0,7.0,0.462,5.0,8.0,97.7,101.1,-3.4,85.3,0.361,0.243,0.496,,0.434,15.1,26.4,0.283,,0.463,14.4,71.6,0.235
12.0,Sacramento Kings,27.6,1.0,4.0,0.2,2.0,3.0,113.0,117.9,-4.9,90.4,0.285,0.241,0.527,,0.479,10.3,30.4,0.227,,0.508,12.9,63.9,0.338
13.0,Philadelphia 76ers,26.5,1.0,4.0,0.2,1.0,4.0,101.2,110.1,-8.9,87.9,0.256,0.244,0.513,,0.479,12.6,23.1,0.183,,0.512,15.7,69.6,0.26
14.0,Denver Nuggets,26.5,1.0,4.0,0.2,1.0,4.0,97.4,108.5,-11.1,90.7,0.387,0.107,0.49,,0.431,12.4,23.1,0.285,,0.487,13.4,73.4,0.316
15.0,Memphis Grizzlies,26.2,0.0,4.0,0.0,1.0,3.0,112.0,124.0,-12.0,91.7,0.194,0.225,0.539,,0.517,10.1,26.6,0.137,,0.57,10.6,72.5,0.301
16.0,New Jersey Nets,27.5,0.0,4.0,0.0,1.0,3.0,100.6,113.9,-13.3,91.4,0.369,0.254,0.491,,0.432,11.7,26.5,0.277,,0.57,14.7,77.3,0.316
,League Average,27.6,,,,5.0,5.0,107.8,107.8,,89.3,0.339,0.218,0.534,,0.487,13.1,28.7,0.253,,0.487,13.1,71.3,0.253
1.0,Dallas Mavericks,27.2,14.0,9.0,0.609,15.0,8.0,110.2,105.7,4.5,88.9,0.35,0.188,0.54,,0.481,12.2,29.2,0.283,,0.506,14.2,77.7,0.28
2.0,Miami Heat,29.4,16.0,7.0,0.696,15.0,8.0,106.2,102.0,4.2,90.3,0.427,0.264,0.559,,0.525,15.3,24.6,0.28,,0.47,13.8,76.6,0.265
3.0,Los Angeles Clippers,26.8,7.0,5.0,0.583,7.0,5.0,111.6,107.7,3.9,93.1,0.331,0.148,0.571,,0.519,14.3,28.6,0.27,,0.479,10.2,75.9,0.216
4.0,Detroit Pistons,29.1,10.0,8.0,0.556,11.0,7.0,107.9,104.2,3.7,84.9,0.382,0.249,0.528,,0.478,12.0,27.9,0.277,,0.494,14.7,72.6,0.225
5.0,San Antonio Spurs,30.0,7.0,6.0,0.538,7.0,6.0,114.0,111.6,2.4,88.3,0.42,0.207,0.587,,0.533,13.2,22.6,0.326,,0.486,12.0,71.1,0.312
6.0,Phoenix Suns,26.8,10.0,10.0,0.5,11.0,9.0,113.7,112.5,1.2,92.3,0.259,0.283,0.579,,0.538,11.1,19.0,0.216,,0.507,12.4,69.7,0.237
7.0,Washington Wizards,26.4,2.0,4.0,0.333,3.0,3.0,109.4,109.2,0.2,89.8,0.424,0.244,0.545,,0.488,12.1,26.7,0.316,,0.489,14.1,68.3,0.268
8.0,New Jersey Nets,28.7,5.0,6.0,0.455,5.0,6.0,106.5,107.6,-1.1,88.4,0.351,0.23,0.538,,0.487,12.7,24.9,0.267,,0.517,15.0,77.6,0.313
9.0,Chicago Bulls,23.9,2.0,4.0,0.333,2.0,4.0,104.2,107.4,-3.2,94.4,0.397,0.26,0.548,,0.497,15.0,21.6,0.295,,0.514,14.7,73.2,0.261
10.0,Cleveland Cavaliers,26.8,7.0,6.0,0.538,5.0,8.0,103.7,107.4,-3.7,85.8,0.322,0.172,0.515,,0.465,14.1,30.7,0.246,,0.48,12.6,72.1,0.284
11.0,Indiana Pacers,27.5,2.0,4.0,0.333,2.0,4.0,103.2,107.5,-4.3,86.5,0.386,0.277,0.543,,0.491,16.1,23.1,0.289,,0.479,12.0,73.4,0.279
12.0,Los Angeles Lakers,25.2,3.0,4.0,0.429,2.0,5.0,106.5,113.6,-7.1,91.7,0.284,0.258,0.538,,0.497,13.8,26.8,0.216,,0.543,11.5,84.7,0.251
13.0,Denver Nuggets,27.6,1.0,4.0,0.2,1.0,4.0,95.0,103.2,-8.2,92.0,0.308,0.159,0.449,,0.397,10.8,29.2,0.224,,0.493,16.8,76.8,0.297
14.0,Sacramento Kings,27.0,2.0,4.0,0.333,1.0,5.0,108.8,119.5,-10.7,87.9,0.369,0.2,0.536,,0.477,12.5,29.0,0.292,,0.566,13.3,75.0,0.296
15.0,Milwaukee Bucks,25.5,1.0,4.0,0.2,1.0,4.0,110.2,121.1,-10.9,88.5,0.267,0.155,0.545,,0.504,12.8,26.6,0.209,,0.544,10.5,70.6,0.338
16.0,Memphis Grizzlies,28.2,0.0,4.0,0.0,0.0,4.0,99.0,115.5,-16.5,82.9,0.425,0.18,0.534,,0.479,16.9,22.0,0.308,,0.487,12.5,65.4,0.306
,League Average,27.6,,,,6.0,5.0,108.2,108.2,,89.2,0.354,0.223,0.547,,0.498,13.2,25.9,0.268,,0.498,13.2,74.1,0.268
1.0,Phoenix Suns,27.9,6.0,5.0,0.545,7.0,4.0,110.6,105.3,5.3,94.1,0.298,0.229,0.562,,0.52,13.0,23.4,0.232,,0.492,13.8,71.6,0.213
2.0,San Antonio Spurs,30.8,16.0,4.0,0.8,13.0,7.0,107.6,103.1,4.5,88.9,0.317,0.256,0.547,,0.508,13.7,26.4,0.229,,0.471,13.9,72.4,0.228
3.0,Detroit Pistons,29.5,10.0,6.0,0.625,10.0,6.0,105.2,101.8,3.4,85.8,0.346,0.219,0.522,,0.468,13.2,28.7,0.266,,0.462,14.3,70.9,0.275
4.0,Cleveland Cavaliers,25.8,12.0,8.0,0.6,12.0,8.0,102.5,100.0,2.5,85.7,0.341,0.217,0.506,,0.456,12.9,28.6,0.252,,0.464,13.8,76.6,0.233
5.0,New Jersey Nets,28.3,6.0,6.0,0.5,7.0,5.0,101.7,99.6,2.1,88.7,0.318,0.284,0.539,,0.497,16.1,21.8,0.236,,0.463,14.1,76.4,0.257
6.0,Golden State Warriors,25.3,5.0,6.0,0.455,6.0,5.0,110.9,109.1,1.8,95.3,0.376,0.382,0.563,,0.518,13.6,25.5,0.277,,0.493,16.9,63.9,0.307
7.0,Chicago Bulls,26.1,6.0,4.0,0.6,5.0,5.0,103.4,102.1,1.3,89.4,0.39,0.22,0.522,,0.469,14.7,28.5,0.284,,0.475,13.8,73.0,0.225
8.0,Utah Jazz,26.1,9.0,8.0,0.529,9.0,8.0,106.9,105.9,1.0,91.0,0.349,0.159,0.534,,0.486,14.9,31.4,0.261,,0.498,14.5,76.1,0.294
9.0,Houston Rockets,27.7,3.0,4.0,0.429,3.0,4.0,99.6,103.2,-3.6,87.6,0.363,0.308,0.52,,0.46,15.0,24.3,0.286,,0.467,11.8,75.0,0.194
10.0,Toronto Raptors,25.5,2.0,4.0,0.333,2.0,4.0,101.0,106.9,-5.9,89.9,0.347,0.197,0.536,,0.478,14.8,19.0,0.279,,0.521,15.7,76.3,0.235
11.0,Denver Nuggets,26.8,1.0,4.0,0.2,1.0,4.0,100.7,107.5,-6.8,87.6,0.264,0.181,0.498,,0.452,14.6,31.6,0.207,,0.493,11.9,71.7,0.149
12.0,Dallas Mavericks,27.6,2.0,4.0,0.333,2.0,4.0,105.7,112.8,-7.1,93.2,0.371,0.274,0.524,,0.466,14.8,31.9,0.287,,0.53,14.2,71.9,0.272
13.0,Washington Wizards,27.8,0.0,4.0,0.0,1.0,3.0,103.5,113.4,-9.9,88.4,0.262,0.247,0.494,,0.45,8.6,21.9,0.202,,0.49,12.8,67.7,0.326
14.0,Orlando Magic,25.7,0.0,4.0,0.0,1.0,3.0,102.9,113.5,-10.6,85.5,0.394,0.1,0.519,,0.495,14.8,28.3,0.228,,0.495,10.7,71.2,0.33
15.0,Los Angeles Lakers,25.6,1.0,4.0,0.2,1.0,4.0,103.8,114.8,-11.0,94.4,0.251,0.23,0.513,,0.479,13.7,31.4,0.181,,0.528,11.5,74.9,0.225
16.0,Miami Heat,29.9,0.0,4.0,0.0,1.0,3.0,96.9,108.9,-12.0,91.6,0.365,0.227,0.512,,0.482,14.5,19.6,0.224,,0.505,13.9,74.3,0.257
,League Average,27.5,,,,5.0,5.0,104.9,104.9,,89.5,0.337,0.236,0.53,,0.483,14.0,27.0,0.25,,0.483,14.0,73.0,0.25
1.0,Boston Celtics,28.9,16.0,10.0,0.615,18.0,8.0,109.4,103.3,6.1,85.9,0.354,0.224,0.541,,0.487,12.9,29.5,0.277,,0.463,14.4,74.6,0.313
2.0,New Orleans Hornets,26.7,7.0,5.0,0.583,8.0,4.0,111.5,107.3,4.2,86.6,0.25,0.173,0.537,,0.499,8.9,24.2,0.193,,0.483,12.3,73.2,0.235
3.0,Detroit Pistons,28.8,10.0,7.0,0.588,10.0,7.0,108.0,105.2,2.8,84.7,0.32,0.179,0.538,,0.485,13.2,27.7,0.257,,0.478,14.7,68.7,0.275
4.0,Cleveland Cavaliers,27.1,7.0,6.0,0.538,8.0,5.0,104.6,102.1,2.5,85.9,0.395,0.262,0.517,,0.465,13.7,29.1,0.285,,0.46,13.4,75.2,0.285
5.0,Los Angeles Lakers,27.4,14.0,7.0,0.667,12.0,9.0,110.0,107.6,2.4,92.7,0.371,0.241,0.56,,0.512,12.7,22.2,0.279,,0.477,12.3,71.1,0.255
6.0,Orlando Magic,26.4,5.0,5.0,0.5,6.0,4.0,111.0,109.2,1.8,87.5,0.322,0.336,0.564,,0.529,14.4,29.0,0.229,,0.464,8.9,75.0,0.226
7.0,Utah Jazz,25.4,6.0,6.0,0.5,6.0,6.0,110.1,110.4,-0.3,89.1,0.33,0.204,0.528,,0.481,12.1,33.4,0.247,,0.49,12.2,73.7,0.314
8.0,San Antonio Spurs,31.6,9.0,8.0,0.529,8.0,9.0,103.9,104.8,-0.9,89.5,0.261,0.252,0.529,,0.493,12.6,21.4,0.194,,0.486,10.8,77.6,0.197
9.0,Phoenix Suns,29.4,1.0,4.0,0.2,2.0,3.0,104.1,106.1,-2.0,92.6,0.369,0.18,0.524,,0.492,11.5,21.9,0.235,,0.493,11.9,76.3,0.216
10.0,Houston Rockets,29.0,2.0,4.0,0.333,2.0,4.0,103.8,106.7,-2.9,84.8,0.333,0.254,0.488,,0.446,10.7,29.8,0.227,,0.482,12.4,69.3,0.231
11.0,Washington Wizards,27.7,2.0,4.0,0.333,2.0,4.0,104.9,108.7,-3.8,87.9,0.386,0.262,0.524,,0.466,12.3,23.4,0.295,,0.485,13.2,67.8,0.265
12.0,Toronto Raptors,26.2,1.0,4.0,0.2,2.0,3.0,110.1,115.2,-5.1,90.3,0.224,0.28,0.528,,0.484,9.6,23.1,0.194,,0.533,13.3,69.7,0.26
13.0,Philadelphia 76ers,25.0,2.0,4.0,0.333,2.0,4.0,99.8,107.9,-8.1,86.0,0.402,0.105,0.488,,0.43,14.4,33.9,0.29,,0.523,17.0,67.0,0.188
14.0,Dallas Mavericks,29.6,1.0,4.0,0.2,1.0,4.0,108.0,118.2,-10.2,87.0,0.381,0.264,0.511,,0.447,11.2,31.7,0.299,,0.527,8.4,75.5,0.206
15.0,Denver Nuggets,27.9,0.0,4.0,0.0,1.0,3.0,104.3,117.9,-13.6,97.4,0.328,0.203,0.501,,0.452,12.5,34.6,0.243,,0.536,10.7,74.1,0.24
16.0,Atlanta Hawks,23.8,3.0,4.0,0.429,1.0,6.0,101.6,115.6,-14.0,85.8,0.441,0.174,0.512,,0.439,15.7,30.5,0.345,,0.503,10.4,67.3,0.206
,League Average,27.9,,,,5.0,5.0,107.4,107.4,,88.0,0.337,0.226,0.532,,0.484,12.6,27.2,0.254,,0.484,12.6,72.8,0.254
1.0,Cleveland Cavaliers,27.2,10.0,4.0,0.714,11.0,3.0,112.6,102.7,9.9,86.1,0.383,0.263,0.556,,0.507,12.3,27.6,0.284,,0.48,12.5,78.3,0.23
2.0,Denver Nuggets,27.8,10.0,6.0,0.625,12.0,4.0,116.8,107.5,9.3,92.4,0.426,0.269,0.579,,0.526,11.5,26.4,0.324,,0.493,14.8,74.7,0.326
3.0,Los Angeles Lakers,27.3,16.0,7.0,0.696,17.0,6.0,111.4,103.5,7.9,91.1,0.342,0.229,0.553,,0.508,12.3,27.1,0.255,,0.471,13.7,73.8,0.27
4.0,Orlando Magic,27.3,13.0,11.0,0.542,14.0,10.0,107.3,105.3,2.0,89.2,0.36,0.309,0.555,,0.513,13.1,21.6,0.26,,0.488,12.7,77.2,0.232
5.0,Miami Heat,25.6,3.0,4.0,0.429,4.0,3.0,106.7,105.6,1.1,82.6,0.324,0.287,0.554,,0.501,14.4,25.2,0.265,,0.464,12.5,73.1,0.261
6.0,Boston Celtics,27.4,7.0,7.0,0.5,7.0,7.0,106.3,106.3,0.0,91.4,0.309,0.222,0.535,,0.485,12.5,25.1,0.245,,0.493,13.3,77.8,0.265
7.0,Dallas Mavericks,29.1,5.0,5.0,0.5,5.0,5.0,113.0,114.0,-1.0,89.9,0.375,0.272,0.576,,0.518,12.8,24.7,0.305,,0.525,11.0,77.4,0.271
8.0,Houston Rockets,26.9,7.0,6.0,0.538,6.0,7.0,104.7,106.4,-1.7,87.4,0.288,0.265,0.533,,0.49,14.2,24.8,0.221,,0.487,11.6,73.7,0.21
9.0,Chicago Bulls,25.5,3.0,4.0,0.429,3.0,4.0,105.9,110.1,-4.2,92.6,0.343,0.221,0.54,,0.483,13.9,24.3,0.277,,0.495,11.6,73.2,0.243
10.0,Portland Trail Blazers,24.5,2.0,4.0,0.333,2.0,4.0,103.9,110.2,-6.3,83.9,0.264,0.19,0.524,,0.484,12.0,23.7,0.201,,0.517,12.8,76.1,0.222
11.0,San Antonio Spurs,30.6,1.0,4.0,0.2,1.0,4.0,105.4,112.4,-7.0,85.7,0.269,0.23,0.528,,0.495,11.4,21.3,0.191,,0.516,12.1,76.6,0.274
12.0,Atlanta Hawks,26.2,4.0,7.0,0.364,3.0,8.0,102.0,110.6,-8.6,82.4,0.323,0.238,0.499,,0.45,12.6,26.1,0.241,,0.514,14.4,69.8,0.263
13.0,Philadelphia 76ers,26.6,2.0,4.0,0.333,1.0,5.0,100.5,109.2,-8.7,88.0,0.276,0.211,0.526,,0.492,14.9,21.3,0.196,,0.514,12.9,74.2,0.237
14.0,Utah Jazz,25.6,1.0,4.0,0.2,1.0,4.0,104.2,114.1,-9.9,93.4,0.373,0.18,0.517,,0.463,13.4,30.4,0.277,,0.546,14.6,73.5,0.271
15.0,Detroit Pistons,28.3,0.0,4.0,0.0,0.0,4.0,93.6,112.2,-18.6,83.3,0.188,0.159,0.468,,0.429,11.9,19.7,0.156,,0.498,11.7,73.2,0.349
16.0,New Orleans Hornets,28.3,1.0,4.0,0.2,0.0,5.0,93.7,120.7,-27.0,89.8,0.399,0.262,0.51,,0.439,18.2,22.4,0.322,,0.563,12.3,73.5,0.29
,League Average,27.2,,,,5.0,5.0,107.7,107.7,,88.7,0.341,0.249,0.544,,0.496,13.0,24.9,0.259,,0.496,13.0,75.1,0.259
1.0,Orlando Magic,28.0,10.0,4.0,0.714,11.0,3.0,110.8,100.9,9.9,86.5,0.426,0.38,0.574,,0.533,14.0,24.8,0.299,,0.458,13.6,77.3,0.269
2.0,Phoenix Suns,28.9,10.0,6.0,0.625,10.0,6.0,117.8,112.7,5.1,90.9,0.353,0.307,0.582,,0.536,12.0,27.4,0.273,,0.512,11.1,72.6,0.242
3.0,Los Angeles Lakers,29.0,16.0,7.0,0.696,15.0,8.0,112.8,108.6,4.2,89.6,0.32,0.255,0.546,,0.502,11.9,30.9,0.241,,0.475,12.0,72.4,0.277
4.0,Boston Celtics,29.4,15.0,9.0,0.625,14.0,10.0,104.8,101.7,3.1,89.2,0.341,0.211,0.539,,0.491,13.8,23.1,0.258,,0.473,15.2,74.6,0.285
5.0,Cleveland Cavaliers,29.2,6.0,5.0,0.545,6.0,5.0,108.2,106.8,1.4,92.6,0.42,0.277,0.568,,0.517,14.5,22.1,0.311,,0.481,11.0,75.7,0.24
6.0,Dallas Mavericks,31.2,2.0,4.0,0.333,3.0,3.0,105.1,105.6,-0.5,88.4,0.294,0.244,0.518,,0.468,12.7,28.1,0.233,,0.486,12.3,74.0,0.224
7.0,Denver Nuggets,27.5,2.0,4.0,0.333,3.0,3.0,113.9,115.1,-1.2,96.0,0.469,0.231,0.577,,0.517,12.6,25.8,0.359,,0.548,13.5,76.9,0.357
8.0,Oklahoma City Thunder,22.9,2.0,4.0,0.333,3.0,3.0,103.6,105.4,-1.8,90.6,0.412,0.236,0.506,,0.426,11.9,26.7,0.344,,0.488,12.4,73.6,0.196
9.0,Utah Jazz,24.8,4.0,6.0,0.4,4.0,6.0,114.0,116.4,-2.4,93.9,0.421,0.219,0.568,,0.52,12.3,26.5,0.307,,0.522,12.1,71.0,0.327
10.0,San Antonio Spurs,29.1,4.0,6.0,0.4,4.0,6.0,105.7,109.4,-3.7,90.9,0.339,0.181,0.533,,0.494,12.3,24.0,0.236,,0.499,12.7,73.6,0.245
11.0,Milwaukee Bucks,27.8,3.0,4.0,0.429,3.0,4.0,105.0,109.3,-4.3,85.7,0.25,0.268,0.51,,0.465,12.3,27.9,0.201,,0.482,11.9,66.9,0.201
12.0,Atlanta Hawks,26.3,4.0,7.0,0.364,3.0,8.0,104.3,112.2,-7.9,85.8,0.276,0.171,0.501,,0.453,11.6,29.8,0.217,,0.515,12.3,72.4,0.224
13.0,Miami Heat,27.0,1.0,4.0,0.2,1.0,4.0,96.2,105.2,-9.0,91.1,0.241,0.236,0.513,,0.479,17.3,22.6,0.176,,0.523,15.6,79.2,0.266
14.0,Chicago Bulls,25.6,1.0,4.0,0.2,1.0,4.0,105.0,115.0,-10.0,92.4,0.265,0.125,0.504,,0.457,9.4,25.0,0.211,,0.558,13.2,77.0,0.249
15.0,Charlotte Bobcats,27.6,0.0,4.0,0.0,1.0,3.0,100.2,111.0,-10.8,85.4,0.362,0.241,0.523,,0.477,15.9,23.0,0.259,,0.522,13.3,75.2,0.335
16.0,Portland Trail Blazers,26.6,2.0,4.0,0.333,1.0,5.0,106.5,118.3,-11.8,87.3,0.364,0.217,0.522,,0.471,11.0,26.5,0.269,,0.536,12.4,71.0,0.247
,League Average,28.0,,,,5.0,5.0,108.6,108.6,,89.7,0.349,0.244,0.543,,0.496,12.8,26.3,0.262,,0.496,12.8,73.7,0.262
1.0,Dallas Mavericks,31.6,16.0,5.0,0.762,15.0,6.0,112.9,106.3,6.6,86.6,0.339,0.297,0.571,,0.519,13.0,25.1,0.274,,0.482,13.5,71.7,0.245
2.0,Chicago Bulls,26.0,9.0,7.0,0.563,11.0,5.0,105.8,100.9,4.9,86.9,0.288,0.238,0.51,,0.461,13.1,32.3,0.226,,0.462,13.9,76.1,0.256
3.0,Miami Heat,28.0,14.0,7.0,0.667,13.0,8.0,106.4,103.4,3.0,86.3,0.379,0.244,0.542,,0.485,13.9,26.0,0.295,,0.475,13.0,75.4,0.215
4.0,Orlando Magic,27.2,2.0,4.0,0.333,3.0,3.0,102.4,100.3,2.1,86.6,0.367,0.31,0.503,,0.449,12.7,28.9,0.27,,0.465,13.1,76.6,0.205
5.0,Oklahoma City Thunder,23.8,9.0,8.0,0.529,10.0,7.0,109.5,107.5,2.0,90.8,0.393,0.25,0.548,,0.482,14.2,31.3,0.321,,0.46,11.4,74.4,0.305
6.0,Boston Celtics,29.9,5.0,4.0,0.556,5.0,4.0,105.1,103.6,1.5,89.1,0.262,0.208,0.552,,0.514,15.4,23.6,0.204,,0.466,14.2,72.1,0.276
7.0,Memphis Grizzlies,26.2,7.0,6.0,0.538,6.0,7.0,105.4,106.1,-0.7,90.0,0.335,0.144,0.512,,0.46,11.9,28.1,0.255,,0.482,14.3,72.2,0.289
8.0,Los Angeles Lakers,30.1,4.0,6.0,0.4,5.0,5.0,107.8,109.3,-1.5,86.5,0.315,0.213,0.526,,0.477,12.4,30.8,0.244,,0.524,13.7,78.8,0.245
9.0,San Antonio Spurs,29.7,2.0,4.0,0.333,2.0,4.0,102.2,105.6,-3.4,90.8,0.369,0.235,0.526,,0.471,13.8,23.6,0.281,,0.498,13.1,76.8,0.238
10.0,Atlanta Hawks,26.7,6.0,6.0,0.5,4.0,8.0,100.4,105.5,-5.1,85.9,0.289,0.184,0.505,,0.464,12.7,22.9,0.21,,0.47,12.4,70.6,0.233
11.0,Denver Nuggets,26.4,1.0,4.0,0.2,2.0,3.0,103.4,108.5,-5.1,94.2,0.468,0.239,0.525,,0.468,11.6,17.2,0.33,,0.468,12.5,70.8,0.343
12.0,Portland Trail Blazers,27.6,2.0,4.0,0.333,2.0,4.0,106.3,112.5,-6.2,83.0,0.294,0.228,0.534,,0.487,12.2,24.4,0.23,,0.507,12.5,71.5,0.253
13.0,Indiana Pacers,25.4,1.0,4.0,0.2,1.0,4.0,100.2,108.5,-8.3,90.0,0.304,0.192,0.496,,0.445,14.3,29.1,0.234,,0.461,14.8,63.2,0.291
14.0,New Orleans Hornets,26.0,2.0,4.0,0.333,2.0,4.0,104.7,113.1,-8.4,85.3,0.36,0.195,0.537,,0.488,13.4,21.2,0.267,,0.5,12.9,67.7,0.295
15.0,Philadelphia 76ers,24.6,1.0,4.0,0.2,1.0,4.0,100.7,109.3,-8.6,86.0,0.213,0.201,0.485,,0.453,10.6,23.9,0.154,,0.462,11.3,69.1,0.303
16.0,New York Knicks,26.7,0.0,4.0,0.0,1.0,3.0,99.0,108.2,-9.2,91.7,0.298,0.286,0.483,,0.435,14.0,30.7,0.223,,0.52,15.7,69.3,0.174
,League Average,27.5,,,,5.0,5.0,106.0,106.0,,87.8,0.334,0.231,0.529,,0.478,13.2,26.9,0.258,,0.478,13.2,73.1,0.258
1.0,Miami Heat,28.8,16.0,7.0,0.696,17.0,6.0,109.6,101.6,8.0,88.0,0.364,0.258,0.552,,0.505,12.8,26.1,0.271,,0.466,14.0,74.0,0.229
2.0,San Antonio Spurs,28.9,10.0,4.0,0.714,10.0,4.0,110.3,103.9,6.4,92.4,0.29,0.287,0.574,,0.541,13.8,21.8,0.212,,0.48,12.6,74.8,0.216
3.0,Oklahoma City Thunder,25.7,13.0,7.0,0.65,13.0,7.0,111.8,107.4,4.4,90.6,0.306,0.24,0.558,,0.508,11.3,23.6,0.251,,0.491,13.7,74.7,0.262
4.0,Indiana Pacers,26.4,6.0,5.0,0.545,6.0,5.0,102.4,100.9,1.5,88.0,0.289,0.225,0.507,,0.461,14.4,29.8,0.223,,0.469,13.2,75.2,0.217
5.0,Boston Celtics,30.1,11.0,9.0,0.55,11.0,9.0,100.4,99.2,1.2,87.8,0.28,0.211,0.516,,0.468,13.0,20.1,0.224,,0.464,13.4,75.1,0.203
6.0,Memphis Grizzlies,26.1,3.0,4.0,0.429,4.0,3.0,102.8,102.0,0.8,87.7,0.403,0.155,0.509,,0.449,14.7,32.6,0.3,,0.493,15.0,75.9,0.244
7.0,Denver Nuggets,26.0,3.0,4.0,0.429,4.0,3.0,107.1,106.6,0.5,90.3,0.227,0.213,0.492,,0.46,10.2,33.0,0.163,,0.461,11.0,66.7,0.186
8.0,Philadelphia 76ers,24.7,7.0,6.0,0.538,6.0,7.0,96.9,98.3,-1.4,88.5,0.312,0.168,0.482,,0.436,11.5,23.9,0.225,,0.459,14.1,76.8,0.198
9.0,Chicago Bulls,27.8,2.0,4.0,0.333,3.0,3.0,95.7,97.6,-1.9,88.1,0.229,0.157,0.475,,0.448,13.9,26.8,0.149,,0.428,9.9,78.2,0.248
10.0,Los Angeles Lakers,28.5,5.0,7.0,0.417,4.0,8.0,105.4,110.0,-4.6,89.2,0.285,0.207,0.502,,0.454,11.8,31.0,0.221,,0.474,9.7,69.7,0.2
11.0,Los Angeles Clippers,26.8,4.0,7.0,0.364,4.0,7.0,101.3,106.5,-5.2,88.9,0.315,0.217,0.53,,0.499,14.7,22.2,0.21,,0.491,14.5,71.0,0.268
12.0,Atlanta Hawks,28.1,2.0,4.0,0.333,2.0,4.0,91.8,97.1,-5.3,87.9,0.204,0.237,0.475,,0.438,15.1,22.6,0.16,,0.461,13.0,82.3,0.211
13.0,Dallas Mavericks,32.6,0.0,4.0,0.0,1.0,3.0,102.9,110.1,-7.2,90.6,0.343,0.276,0.519,,0.455,13.9,24.7,0.285,,0.52,12.8,80.5,0.265
14.0,Orlando Magic,27.8,1.0,4.0,0.2,1.0,4.0,94.8,107.0,-12.2,86.6,0.244,0.316,0.486,,0.452,14.0,22.6,0.172,,0.48,13.3,68.4,0.196
15.0,New York Knicks,27.9,1.0,4.0,0.2,1.0,4.0,95.2,111.3,-16.1,86.9,0.297,0.248,0.499,,0.451,18.1,30.1,0.226,,0.511,13.7,74.1,0.315
16.0,Utah Jazz,25.0,0.0,4.0,0.0,0.0,4.0,93.9,111.3,-17.4,91.9,0.306,0.131,0.443,,0.395,12.2,32.0,0.216,,0.533,11.6,80.7,0.213
,League Average,27.6,,,,5.0,5.0,103.6,103.6,,89.0,0.3,0.225,0.52,,0.476,13.1,25.6,0.226,,0.476,13.1,74.4,0.226
1.0,San Antonio Spurs,28.7,15.0,6.0,0.714,15.0,6.0,108.7,101.1,7.6,89.6,0.261,0.253,0.547,,0.511,12.3,23.3,0.199,,0.475,12.8,73.8,0.162
2.0,Miami Heat,30.1,16.0,7.0,0.696,17.0,6.0,110.2,102.9,7.3,87.3,0.303,0.264,0.559,,0.518,13.1,25.2,0.232,,0.48,15.6,71.1,0.237
3.0,New York Knicks,29.6,6.0,6.0,0.5,7.0,5.0,101.4,98.3,3.1,86.6,0.222,0.288,0.498,,0.46,11.5,24.2,0.174,,0.47,17.1,76.5,0.276
4.0,Brooklyn Nets,28.5,3.0,4.0,0.429,4.0,3.0,107.8,105.6,2.2,88.3,0.304,0.232,0.524,,0.479,10.9,27.4,0.23,,0.497,12.4,74.0,0.171
5.0,Oklahoma City Thunder,26.9,5.0,6.0,0.455,6.0,5.0,105.1,103.7,1.4,92.8,0.295,0.303,0.534,,0.479,12.9,23.0,0.247,,0.468,12.5,76.0,0.254
6.0,Memphis Grizzlies,27.9,8.0,7.0,0.533,8.0,7.0,105.0,104.3,0.7,88.4,0.357,0.182,0.502,,0.447,10.2,27.2,0.267,,0.493,13.8,77.5,0.219
7.0,Golden State Warriors,24.6,6.0,6.0,0.5,6.0,6.0,106.4,106.2,0.2,94.0,0.258,0.265,0.546,,0.513,14.9,27.5,0.19,,0.483,11.9,75.0,0.234
8.0,Indiana Pacers,25.6,11.0,8.0,0.579,10.0,9.0,104.5,104.4,0.1,87.3,0.384,0.258,0.528,,0.475,15.9,32.4,0.284,,0.473,11.4,76.8,0.222
9.0,Denver Nuggets,26.4,2.0,4.0,0.333,2.0,4.0,105.9,110.2,-4.3,97.2,0.35,0.265,0.526,,0.479,12.9,26.3,0.255,,0.554,17.0,72.9,0.209
10.0,Atlanta Hawks,27.3,2.0,4.0,0.333,2.0,4.0,98.0,103.6,-5.6,91.2,0.338,0.241,0.503,,0.462,12.0,18.6,0.231,,0.455,14.4,70.0,0.284
11.0,Boston Celtics,29.7,2.0,4.0,0.333,2.0,4.0,92.9,98.9,-6.0,87.1,0.312,0.3,0.525,,0.463,18.1,14.0,0.268,,0.462,12.7,76.3,0.17
12.0,Houston Rockets,25.4,2.0,4.0,0.333,2.0,4.0,105.3,111.4,-6.1,95.0,0.342,0.416,0.537,,0.496,14.5,24.8,0.243,,0.511,12.0,77.2,0.258
13.0,Los Angeles Clippers,29.1,2.0,4.0,0.333,2.0,4.0,107.5,113.8,-6.3,88.0,0.314,0.254,0.552,,0.506,13.5,24.3,0.246,,0.486,10.2,73.3,0.344
14.0,Chicago Bulls,27.5,5.0,7.0,0.417,3.0,9.0,102.5,110.0,-7.5,87.4,0.287,0.213,0.511,,0.472,13.7,28.4,0.206,,0.501,11.9,74.5,0.255
15.0,Milwaukee Bucks,26.1,0.0,4.0,0.0,0.0,4.0,94.0,110.3,-16.3,90.7,0.264,0.3,0.498,,0.472,15.9,21.1,0.166,,0.544,16.5,70.7,0.255
16.0,Los Angeles Lakers,29.2,0.0,4.0,0.0,0.0,4.0,92.5,112.9,-20.4,92.1,0.237,0.237,0.495,,0.474,16.1,20.2,0.144,,0.527,9.8,78.3,0.185
,League Average,27.8,,,,5.0,5.0,104.8,104.8,,89.5,0.303,0.259,0.529,,0.486,13.3,25.4,0.227,,0.486,13.3,74.6,0.227
1.0,San Antonio Spurs,29.6,16.0,7.0,0.696,18.0,5.0,114.2,104.2,10.0,92.7,0.291,0.267,0.583,,0.546,12.1,23.6,0.223,,0.492,13.4,77.2,0.197
2.0,Los Angeles Clippers,28.2,6.0,7.0,0.462,7.0,6.0,113.3,111.3,2.0,96.0,0.334,0.302,0.555,,0.515,11.4,26.2,0.244,,0.521,14.9,70.4,0.272
3.0,Miami Heat,31.1,13.0,7.0,0.65,11.0,9.0,112.8,110.8,2.0,86.2,0.305,0.326,0.594,,0.555,12.9,17.1,0.238,,0.539,14.2,75.3,0.22
4.0,Washington Wizards,26.8,6.0,5.0,0.545,6.0,5.0,102.0,100.9,1.1,87.8,0.285,0.211,0.504,,0.468,12.5,27.9,0.198,,0.471,12.7,79.7,0.227
5.0,Houston Rockets,25.2,2.0,4.0,0.333,3.0,3.0,114.8,114.4,0.4,92.7,0.325,0.28,0.534,,0.49,11.7,35.3,0.242,,0.507,10.6,72.8,0.258
6.0,Atlanta Hawks,27.9,3.0,4.0,0.429,3.0,4.0,101.9,103.0,-1.1,90.7,0.316,0.417,0.515,,0.456,13.1,20.4,0.261,,0.5,14.6,76.2,0.22
7.0,Indiana Pacers,27.1,10.0,9.0,0.526,9.0,10.0,103.7,104.8,-1.1,88.3,0.314,0.258,0.54,,0.5,13.8,21.1,0.228,,0.493,13.6,77.0,0.218
8.0,Oklahoma City Thunder,26.6,10.0,9.0,0.526,9.0,10.0,108.1,109.2,-1.1,92.3,0.327,0.287,0.551,,0.496,14.0,27.1,0.268,,0.485,10.5,74.2,0.212
9.0,Brooklyn Nets,30.7,5.0,7.0,0.417,5.0,7.0,110.5,112.0,-1.5,86.4,0.33,0.302,0.555,,0.514,12.5,25.1,0.243,,0.516,13.3,77.0,0.306
10.0,Toronto Raptors,25.2,3.0,4.0,0.429,3.0,4.0,108.2,110.0,-1.8,88.8,0.391,0.283,0.553,,0.486,15.0,26.8,0.326,,0.506,11.8,77.0,0.291
11.0,Dallas Mavericks,31.3,3.0,4.0,0.429,3.0,4.0,110.0,112.1,-2.1,92.0,0.217,0.259,0.532,,0.5,10.7,26.4,0.166,,0.542,13.4,76.6,0.245
12.0,Golden State Warriors,26.2,3.0,4.0,0.429,3.0,4.0,110.2,114.8,-4.6,96.6,0.335,0.316,0.558,,0.518,15.3,30.8,0.244,,0.529,12.9,72.1,0.29
13.0,Chicago Bulls,28.6,1.0,4.0,0.2,2.0,3.0,103.0,108.3,-5.3,85.6,0.29,0.244,0.508,,0.463,13.0,27.9,0.219,,0.479,10.2,72.2,0.225
14.0,Memphis Grizzlies,29.7,3.0,4.0,0.429,2.0,5.0,102.8,108.5,-5.7,88.8,0.293,0.173,0.486,,0.442,10.1,27.0,0.214,,0.483,14.1,69.0,0.263
15.0,Portland Trail Blazers,25.8,5.0,6.0,0.455,3.0,8.0,107.2,113.6,-6.4,94.6,0.281,0.26,0.529,,0.482,12.3,26.1,0.224,,0.508,10.4,70.6,0.208
16.0,Charlotte Hornets,25.5,0.0,4.0,0.0,1.0,3.0,101.5,112.3,-10.8,90.6,0.312,0.282,0.537,,0.5,14.9,20.8,0.223,,0.539,10.7,85.7,0.26
,League Average,28.2,,,,6.0,6.0,108.7,108.7,,90.6,0.308,0.279,0.548,,0.505,12.8,24.9,0.235,,0.505,12.8,75.1,0.235
1.0,Golden State Warriors,26.4,16.0,5.0,0.762,16.0,5.0,108.7,100.5,8.2,93.7,0.263,0.362,0.55,,0.521,13.5,26.2,0.184,,0.458,13.1,75.3,0.228
2.0,Cleveland Cavaliers,26.6,14.0,6.0,0.7,13.0,7.0,107.4,103.1,4.3,90.7,0.325,0.347,0.524,,0.479,12.0,28.1,0.24,,0.467,11.1,77.5,0.209
3.0,Washington Wizards,27.5,6.0,4.0,0.6,6.0,4.0,105.8,101.7,4.1,94.6,0.28,0.276,0.533,,0.497,13.3,26.8,0.202,,0.47,12.2,77.2,0.177
4.0,Chicago Bulls,28.7,6.0,6.0,0.5,7.0,5.0,104.4,100.7,3.7,90.4,0.257,0.294,0.515,,0.474,13.1,26.8,0.199,,0.452,11.8,74.3,0.198
5.0,Los Angeles Clippers,28.8,7.0,7.0,0.5,8.0,6.0,108.4,107.1,1.3,98.7,0.361,0.3,0.548,,0.515,11.8,21.3,0.241,,0.505,12.5,75.0,0.25
6.0,San Antonio Spurs,30.3,3.0,4.0,0.429,4.0,3.0,107.8,107.3,0.5,94.5,0.298,0.307,0.536,,0.505,11.2,24.8,0.203,,0.509,11.5,78.6,0.224
7.0,Atlanta Hawks,27.7,8.0,8.0,0.5,8.0,8.0,103.4,103.6,-0.2,93.5,0.227,0.335,0.521,,0.484,11.9,21.6,0.178,,0.486,12.9,74.7,0.184
8.0,Memphis Grizzlies,30.3,6.0,5.0,0.545,5.0,6.0,103.0,104.4,-1.4,91.9,0.27,0.166,0.503,,0.451,10.5,23.7,0.225,,0.501,14.1,77.2,0.192
9.0,Houston Rockets,28.8,9.0,8.0,0.529,7.0,10.0,106.6,109.0,-2.4,101.5,0.44,0.33,0.544,,0.505,13.5,23.8,0.288,,0.514,12.5,74.4,0.21
10.0,Dallas Mavericks,30.4,1.0,4.0,0.2,2.0,3.0,107.9,112.0,-4.1,101.9,0.274,0.265,0.534,,0.493,12.1,28.1,0.209,,0.52,12.4,75.1,0.291
11.0,Brooklyn Nets,28.6,2.0,4.0,0.333,2.0,4.0,100.8,106.5,-5.7,94.0,0.251,0.289,0.522,,0.486,13.4,21.0,0.186,,0.505,12.3,77.8,0.161
12.0,Portland Trail Blazers,25.9,1.0,4.0,0.2,1.0,4.0,101.9,109.3,-7.4,92.0,0.258,0.313,0.504,,0.455,11.1,22.2,0.213,,0.465,7.9,78.1,0.254
13.0,New Orleans Pelicans,25.1,0.0,4.0,0.0,1.0,3.0,106.8,115.2,-8.4,92.0,0.264,0.252,0.536,,0.491,12.6,24.9,0.214,,0.516,11.0,69.1,0.211
14.0,Boston Celtics,24.6,0.0,4.0,0.0,1.0,3.0,101.5,111.5,-10.0,93.3,0.308,0.26,0.504,,0.453,12.6,22.2,0.239,,0.498,11.8,71.9,0.303
15.0,Milwaukee Bucks,24.8,2.0,4.0,0.333,1.0,5.0,91.8,104.6,-12.8,93.1,0.236,0.206,0.455,,0.419,11.9,23.9,0.166,,0.504,15.7,73.5,0.2
16.0,Toronto Raptors,25.9,0.0,4.0,0.0,1.0,3.0,99.3,113.7,-14.4,94.5,0.241,0.283,0.493,,0.459,10.9,19.0,0.173,,0.547,13.3,73.0,0.25
,League Average,27.7,,,,5.0,5.0,105.3,105.3,,94.4,0.296,0.302,0.526,,0.487,12.4,24.5,0.214,,0.487,12.4,75.5,0.214
1.0,San Antonio Spurs,30.7,6.0,4.0,0.6,8.0,2.0,111.0,101.1,9.9,91.9,0.248,0.232,0.557,,0.519,11.2,20.3,0.199,,0.467,14.2,71.7,0.208
2.0,Cleveland Cavaliers,28.0,16.0,5.0,0.762,16.0,5.0,115.5,106.0,9.5,90.7,0.267,0.37,0.573,,0.544,12.0,26.8,0.193,,0.51,12.8,79.0,0.189
3.0,Oklahoma City Thunder,25.6,11.0,7.0,0.611,12.0,6.0,111.8,106.2,5.6,95.2,0.326,0.295,0.551,,0.501,12.6,29.6,0.256,,0.499,11.5,78.7,0.191
4.0,Golden State Warriors,27.4,15.0,9.0,0.625,15.0,9.0,110.5,106.1,4.4,97.0,0.272,0.379,0.562,,0.529,12.7,23.9,0.2,,0.481,13.1,72.4,0.226
5.0,Miami Heat,28.7,7.0,7.0,0.5,9.0,5.0,105.1,101.7,3.4,90.2,0.264,0.238,0.539,,0.5,12.8,23.0,0.202,,0.451,10.4,80.5,0.241
6.0,Indiana Pacers,26.4,3.0,4.0,0.429,4.0,3.0,105.5,103.9,1.6,88.8,0.319,0.284,0.549,,0.495,14.5,23.5,0.261,,0.437,12.8,67.2,0.246
7.0,Los Angeles Clippers,29.3,2.0,4.0,0.333,3.0,3.0,104.9,103.9,1.0,93.7,0.345,0.229,0.502,,0.471,9.0,23.5,0.216,,0.467,12.0,71.3,0.193
8.0,Atlanta Hawks,28.3,4.0,6.0,0.4,5.0,5.0,103.5,104.5,-1.0,95.7,0.242,0.375,0.533,,0.494,13.3,20.7,0.192,,0.487,12.7,75.0,0.175
9.0,Portland Trail Blazers,24.8,5.0,6.0,0.455,5.0,6.0,108.1,110.7,-2.6,96.2,0.287,0.351,0.523,,0.483,11.5,26.6,0.212,,0.507,10.1,75.5,0.22
10.0,Toronto Raptors,26.1,10.0,10.0,0.5,7.0,13.0,102.8,107.5,-4.7,89.4,0.301,0.282,0.507,,0.463,12.4,25.1,0.222,,0.514,13.6,77.3,0.237
11.0,Boston Celtics,25.0,2.0,4.0,0.333,2.0,4.0,93.8,100.5,-6.7,98.3,0.235,0.352,0.475,,0.432,12.9,21.5,0.184,,0.481,13.3,80.6,0.191
12.0,Charlotte Hornets,26.9,3.0,4.0,0.429,1.0,6.0,99.2,109.0,-9.8,91.0,0.309,0.231,0.494,,0.432,9.4,15.9,0.259,,0.517,11.8,75.9,0.186
13.0,Detroit Pistons,24.1,0.0,4.0,0.0,1.0,3.0,109.4,119.2,-9.8,86.8,0.292,0.309,0.559,,0.537,11.0,18.4,0.189,,0.546,8.6,75.5,0.147
14.0,Houston Rockets,28.5,1.0,4.0,0.2,0.0,5.0,92.7,111.8,-19.1,98.4,0.32,0.332,0.467,,0.43,16.3,29.9,0.206,,0.552,12.9,77.1,0.199
15.0,Dallas Mavericks,30.4,1.0,4.0,0.2,0.0,5.0,102.1,122.0,-19.9,91.8,0.298,0.264,0.511,,0.474,11.4,21.5,0.207,,0.537,12.0,65.5,0.278
16.0,Memphis Grizzlies,30.8,0.0,4.0,0.0,0.0,4.0,90.9,115.6,-24.7,89.1,0.215,0.197,0.455,,0.423,14.8,28.8,0.151,,0.552,13.7,77.3,0.246
,League Average,27.4,,,,6.0,5.0,106.7,106.7,,93.0,0.283,0.31,0.534,,0.495,12.4,24.4,0.212,,0.495,12.4,75.6,0.212
1.0,Golden State Warriors,28.3,16.0,1.0,0.941,14.0,3.0,119.0,105.5,13.5,100.3,0.292,0.378,0.608,,0.567,12.2,22.4,0.238,,0.487,12.3,76.6,0.212
2.0,Cleveland Cavaliers,29.3,13.0,5.0,0.722,13.0,5.0,120.3,112.1,8.2,96.6,0.316,0.408,0.614,,0.579,12.1,23.6,0.242,,0.521,11.9,76.1,0.189
3.0,Houston Rockets,28.1,6.0,5.0,0.545,6.0,5.0,110.7,109.5,1.2,96.4,0.304,0.452,0.559,,0.514,12.7,22.7,0.24,,0.502,11.1,71.7,0.187
4.0,San Antonio Spurs,29.5,8.0,8.0,0.5,9.0,7.0,113.4,112.3,1.1,93.2,0.277,0.282,0.551,,0.512,11.6,29.1,0.214,,0.539,13.1,78.5,0.208
5.0,Washington Wizards,26.1,7.0,6.0,0.538,7.0,6.0,110.9,110.9,0.0,96.7,0.281,0.302,0.549,,0.505,12.3,26.6,0.223,,0.525,13.3,76.2,0.244
6.0,Milwaukee Bucks,25.0,2.0,4.0,0.333,3.0,3.0,103.0,103.7,-0.7,90.5,0.267,0.277,0.533,,0.503,13.2,19.1,0.186,,0.494,14.4,80.6,0.279
7.0,Atlanta Hawks,27.2,2.0,4.0,0.333,3.0,3.0,107.3,108.5,-1.2,98.4,0.343,0.323,0.542,,0.493,14.1,26.4,0.262,,0.502,11.8,77.3,0.227
8.0,Los Angeles Clippers,30.9,3.0,4.0,0.429,3.0,4.0,108.8,110.0,-1.2,89.8,0.312,0.304,0.558,,0.526,12.2,19.9,0.217,,0.542,12.4,82.1,0.223
9.0,Boston Celtics,25.9,9.0,9.0,0.5,7.0,11.0,111.4,114.5,-3.1,93.9,0.242,0.41,0.566,,0.532,12.6,22.2,0.187,,0.531,13.1,71.5,0.227
10.0,Indiana Pacers,26.4,0.0,4.0,0.0,2.0,2.0,114.7,118.9,-4.2,94.8,0.247,0.33,0.564,,0.53,12.1,28.3,0.19,,0.565,11.9,75.2,0.233
11.0,Utah Jazz,27.8,4.0,7.0,0.364,4.0,7.0,106.2,111.3,-5.1,92.1,0.298,0.331,0.552,,0.515,12.0,16.7,0.218,,0.533,11.4,81.3,0.224
12.0,Toronto Raptors,26.9,4.0,6.0,0.4,3.0,7.0,103.8,109.9,-6.1,93.1,0.283,0.296,0.541,,0.493,12.6,17.3,0.23,,0.539,13.2,81.3,0.222
13.0,Chicago Bulls,26.6,2.0,4.0,0.333,2.0,4.0,104.8,112.2,-7.4,92.1,0.24,0.285,0.529,,0.483,14.4,29.6,0.204,,0.534,11.8,78.5,0.163
14.0,Oklahoma City Thunder,25.3,1.0,4.0,0.2,1.0,4.0,105.7,114.4,-8.7,98.6,0.309,0.309,0.525,,0.49,11.4,26.0,0.213,,0.513,13.1,74.8,0.32
15.0,Memphis Grizzlies,29.7,2.0,4.0,0.333,1.0,5.0,110.3,119.8,-9.5,85.8,0.263,0.313,0.559,,0.51,11.6,20.3,0.229,,0.545,11.4,73.9,0.266
16.0,Portland Trail Blazers,24.8,0.0,4.0,0.0,0.0,4.0,99.3,116.9,-17.6,102.3,0.271,0.38,0.507,,0.458,13.2,20.6,0.218,,0.556,11.1,81.0,0.258
,League Average,27.7,,,,5.0,5.0,111.3,111.3,,94.9,0.285,0.348,0.563,,0.523,12.4,23.2,0.221,,0.523,12.4,76.8,0.221
1.0,Golden State Warriors,28.4,16.0,5.0,0.762,17.0,4.0,113.9,103.6,10.3,96.5,0.237,0.365,0.581,,0.545,11.9,21.8,0.195,,0.481,12.3,77.6,0.186
2.0,Indiana Pacers,26.2,3.0,4.0,0.429,5.0,2.0,110.9,104.6,6.3,90.7,0.241,0.339,0.567,,0.542,12.9,21.6,0.171,,0.503,14.3,77.7,0.238
3.0,Philadelphia 76ers,26.5,5.0,5.0,0.5,6.0,4.0,110.4,106.5,3.9,97.5,0.32,0.331,0.539,,0.493,12.6,29.1,0.243,,0.514,12.7,80.8,0.232
4.0,Houston Rockets,29.8,11.0,6.0,0.647,10.0,7.0,109.6,107.7,1.9,95.7,0.261,0.466,0.552,,0.514,11.3,20.0,0.201,,0.53,13.2,80.1,0.188
5.0,Boston Celtics,24.8,11.0,8.0,0.579,10.0,9.0,107.7,107.0,0.7,93.1,0.283,0.367,0.541,,0.5,11.1,20.4,0.217,,0.518,12.9,79.5,0.202
6.0,Milwaukee Bucks,25.3,3.0,4.0,0.429,3.0,4.0,108.8,109.4,-0.6,92.3,0.254,0.328,0.585,,0.561,13.1,14.7,0.179,,0.503,12.1,75.5,0.219
7.0,New Orleans Pelicans,26.8,5.0,4.0,0.556,4.0,5.0,107.1,107.8,-0.7,102.7,0.204,0.301,0.562,,0.533,12.9,17.7,0.16,,0.514,12.0,78.8,0.169
8.0,Cleveland Cavaliers,30.3,12.0,10.0,0.545,10.0,12.0,109.4,111.2,-1.8,91.6,0.282,0.37,0.55,,0.512,12.1,23.5,0.212,,0.529,11.5,79.4,0.195
9.0,Washington Wizards,27.0,2.0,4.0,0.333,3.0,3.0,110.3,112.3,-2.0,97.2,0.274,0.256,0.561,,0.513,12.4,21.2,0.233,,0.539,13.1,78.1,0.239
10.0,Utah Jazz,25.6,5.0,6.0,0.455,5.0,6.0,104.7,106.9,-2.2,97.8,0.284,0.361,0.549,,0.52,14.3,20.8,0.195,,0.505,11.6,80.8,0.196
11.0,Oklahoma City Thunder,27.9,2.0,4.0,0.333,2.0,4.0,103.5,107.9,-4.4,97.8,0.245,0.333,0.528,,0.49,12.7,20.8,0.189,,0.521,13.7,75.4,0.212
12.0,Toronto Raptors,26.2,4.0,6.0,0.4,4.0,6.0,112.0,116.6,-4.6,94.8,0.29,0.324,0.578,,0.536,13.1,23.2,0.232,,0.541,10.5,79.1,0.217
13.0,Portland Trail Blazers,25.6,0.0,4.0,0.0,1.0,3.0,106.9,116.0,-9.1,98.7,0.173,0.354,0.539,,0.512,12.9,23.9,0.135,,0.582,13.0,81.1,0.203
14.0,Minnesota Timberwolves,27.6,1.0,4.0,0.2,1.0,4.0,107.0,116.2,-9.2,95.0,0.276,0.264,0.548,,0.515,12.0,20.1,0.201,,0.531,7.9,80.3,0.193
15.0,San Antonio Spurs,30.2,1.0,4.0,0.2,1.0,4.0,103.7,113.1,-9.4,93.3,0.274,0.337,0.515,,0.463,10.5,18.5,0.229,,0.535,12.9,73.7,0.205
16.0,Miami Heat,27.5,1.0,4.0,0.2,1.0,4.0,103.0,113.7,-10.7,100.4,0.345,0.333,0.542,,0.507,14.4,20.7,0.234,,0.514,13.6,70.4,0.279
,League Average,27.5,,,,5.0,5.0,108.9,108.9,,95.4,0.267,0.355,0.555,,0.518,12.3,21.4,0.204,,0.518,12.3,78.6,0.204
1.0,Milwaukee Bucks,27.6,10.0,5.0,0.667,11.0,4.0,111.1,102.5,8.6,100.1,0.317,0.431,0.56,,0.523,11.3,21.5,0.231,,0.474,10.8,83.0,0.207
2.0,Toronto Raptors,28.4,16.0,8.0,0.667,16.0,8.0,110.0,104.4,5.6,96.0,0.275,0.406,0.561,,0.514,11.2,18.9,0.228,,0.491,14.0,77.7,0.233
3.0,Golden State Warriors,29.1,14.0,8.0,0.636,13.0,9.0,115.3,111.9,3.4,98.1,0.282,0.38,0.589,,0.548,13.3,24.8,0.23,,0.522,13.1,76.6,0.243
4.0,Houston Rockets,29.5,6.0,5.0,0.545,7.0,4.0,110.9,107.6,3.3,97.0,0.29,0.51,0.574,,0.537,14.3,23.1,0.221,,0.499,12.9,75.0,0.217
5.0,Philadelphia 76ers,27.2,7.0,5.0,0.583,7.0,5.0,109.9,106.8,3.1,98.9,0.301,0.331,0.559,,0.514,14.4,27.2,0.238,,0.488,11.4,79.5,0.246
6.0,Denver Nuggets,25.4,7.0,7.0,0.5,8.0,6.0,114.4,112.5,1.9,92.6,0.279,0.308,0.538,,0.495,8.7,27.3,0.218,,0.497,8.8,74.8,0.212
7.0,Boston Celtics,26.2,5.0,4.0,0.556,4.0,5.0,102.2,103.6,-1.4,99.9,0.288,0.392,0.539,,0.491,13.5,16.6,0.231,,0.491,10.9,82.4,0.199
8.0,Portland Trail Blazers,26.6,8.0,8.0,0.5,7.0,9.0,110.6,112.0,-1.4,96.0,0.274,0.363,0.541,,0.501,11.3,24.4,0.21,,0.503,11.3,72.4,0.234
9.0,San Antonio Spurs,28.3,3.0,4.0,0.429,3.0,4.0,112.4,114.5,-2.1,91.9,0.27,0.233,0.542,,0.503,8.1,24.2,0.208,,0.516,8.7,76.8,0.177
10.0,Oklahoma City Thunder,26.2,1.0,4.0,0.2,2.0,3.0,105.4,111.2,-5.8,99.9,0.295,0.365,0.541,,0.5,13.5,22.7,0.223,,0.519,12.7,75.7,0.209
11.0,Indiana Pacers,27.7,0.0,4.0,0.0,1.0,3.0,96.3,104.2,-7.9,95.3,0.246,0.356,0.496,,0.461,11.5,16.6,0.177,,0.517,15.2,81.1,0.206
12.0,Utah Jazz,27.0,1.0,4.0,0.2,1.0,4.0,99.2,108.5,-9.3,98.6,0.296,0.414,0.501,,0.455,13.5,24.9,0.222,,0.526,13.8,80.5,0.219
13.0,Los Angeles Clippers,26.7,2.0,4.0,0.333,1.0,5.0,111.5,121.0,-9.5,102.9,0.323,0.355,0.563,,0.511,12.8,21.9,0.264,,0.574,12.5,74.5,0.251
14.0,Brooklyn Nets,25.3,1.0,4.0,0.2,1.0,4.0,106.7,117.3,-10.6,104.4,0.319,0.372,0.534,,0.48,12.0,22.6,0.258,,0.542,13.3,67.9,0.23
15.0,Orlando Magic,25.9,1.0,4.0,0.2,1.0,4.0,96.2,111.2,-15.0,95.7,0.267,0.419,0.496,,0.451,14.4,20.3,0.207,,0.55,11.8,82.8,0.161
16.0,Detroit Pistons,26.5,0.0,4.0,0.0,0.0,4.0,96.8,120.2,-23.4,101.3,0.171,0.344,0.471,,0.444,9.2,19.8,0.124,,0.583,12.8,76.4,0.246
,League Average,27.5,,,,5.0,5.0,109.4,109.4,,97.5,0.284,0.379,0.55,,0.508,12.0,22.7,0.223,,0.508,12.0,77.3,0.223
1.0,Los Angeles Lakers,29.3,16.0,5.0,0.762,15.0,6.0,115.9,108.9,7.0,97.3,0.293,0.407,0.595,,0.561,14.0,26.1,0.222,,0.525,13.6,81.9,0.251
2.0,Boston Celtics,25.0,10.0,7.0,0.588,11.0,6.0,111.3,106.3,5.0,96.4,0.285,0.429,0.572,,0.527,12.7,21.0,0.233,,0.49,11.5,80.5,0.234
3.0,Los Angeles Clippers,27.9,7.0,6.0,0.538,8.0,5.0,115.4,111.1,4.3,98.0,0.291,0.38,0.585,,0.544,11.8,21.5,0.232,,0.542,12.6,80.6,0.209
4.0,Toronto Raptors,27.1,7.0,4.0,0.636,7.0,4.0,108.3,104.2,4.1,99.1,0.24,0.455,0.559,,0.525,11.8,17.6,0.187,,0.507,13.7,82.2,0.211
5.0,Utah Jazz,26.8,3.0,4.0,0.429,4.0,3.0,122.2,118.5,3.7,91.5,0.284,0.455,0.616,,0.583,11.5,22.8,0.22,,0.554,11.4,75.1,0.169
6.0,Miami Heat,27.1,14.0,7.0,0.667,12.0,9.0,113.5,111.5,2.0,95.9,0.322,0.433,0.587,,0.537,12.3,19.1,0.266,,0.529,13.0,77.3,0.215
7.0,Milwaukee Bucks,29.8,5.0,5.0,0.5,5.0,5.0,109.7,108.5,1.2,100.3,0.279,0.426,0.568,,0.537,13.2,20.5,0.202,,0.527,13.5,83.8,0.241
8.0,Houston Rockets,30.2,5.0,7.0,0.417,6.0,6.0,108.3,107.5,0.8,98.6,0.235,0.545,0.569,,0.535,12.4,14.6,0.186,,0.534,15.4,78.0,0.209
9.0,Denver Nuggets,25.2,9.0,10.0,0.474,8.0,11.0,113.6,116.0,-2.4,94.1,0.26,0.392,0.584,,0.545,13.2,23.0,0.212,,0.551,12.7,76.8,0.233
10.0,Oklahoma City Thunder,25.7,3.0,4.0,0.429,2.0,5.0,102.4,108.7,-6.3,100.1,0.281,0.428,0.542,,0.5,15.0,20.1,0.217,,0.535,11.5,84.6,0.146
11.0,Orlando Magic,27.0,1.0,4.0,0.2,1.0,4.0,102.5,111.3,-8.8,104.4,0.237,0.449,0.547,,0.505,13.0,13.5,0.199,,0.572,14.5,82.0,0.177
12.0,Dallas Mavericks,26.2,2.0,4.0,0.333,1.0,5.0,112.7,122.0,-9.3,102.1,0.297,0.421,0.58,,0.549,11.2,16.9,0.215,,0.579,10.5,80.4,0.248
13.0,Portland Trail Blazers,26.6,1.0,4.0,0.2,1.0,4.0,104.6,115.0,-10.4,101.9,0.283,0.347,0.537,,0.492,13.9,21.4,0.224,,0.552,13.0,72.7,0.222
14.0,Indiana Pacers,26.2,0.0,4.0,0.0,1.0,3.0,104.2,115.1,-10.9,96.7,0.252,0.399,0.565,,0.53,14.6,13.7,0.196,,0.545,13.2,76.9,0.288
15.0,Philadelphia 76ers,26.4,0.0,4.0,0.0,1.0,3.0,105.5,117.9,-12.4,95.2,0.381,0.36,0.512,,0.443,10.9,26.8,0.31,,0.523,9.7,77.6,0.255
16.0,Brooklyn Nets,25.4,0.0,4.0,0.0,0.0,4.0,102.2,122.0,-19.8,103.5,0.268,0.504,0.518,,0.482,12.4,18.1,0.195,,0.592,10.6,79.1,0.203
,League Average,27.2,,,,5.0,5.0,111.3,111.3,,97.6,0.281,0.427,0.574,,0.534,12.8,20.4,0.221,,0.534,12.8,79.6,0.221
1.0,Philadelphia 76ers,27.3,7.0,5.0,0.583,9.0,3.0,116.0,108.5,7.5,100.2,0.342,0.331,0.589,,0.561,11.5,21.3,0.234,,0.502,11.2,78.8,0.235
2.0,Brooklyn Nets,28.7,7.0,5.0,0.583,8.0,4.0,116.1,109.6,6.5,96.1,0.235,0.413,0.592,,0.551,10.9,19.7,0.204,,0.502,11.6,75.0,0.19
3.0,Milwaukee Bucks,29.2,16.0,7.0,0.696,15.0,8.0,112.9,107.6,5.3,96.9,0.228,0.384,0.55,,0.524,11.3,27.8,0.164,,0.523,12.2,81.6,0.16
4.0,Phoenix Suns,26.6,14.0,8.0,0.636,14.0,8.0,114.7,110.0,4.7,95.1,0.219,0.35,0.585,,0.547,11.3,19.6,0.188,,0.507,10.9,76.1,0.194
5.0,Los Angeles Clippers,29.3,10.0,9.0,0.526,12.0,7.0,120.2,115.9,4.3,92.8,0.29,0.444,0.604,,0.562,10.4,21.5,0.238,,0.543,11.1,76.9,0.173
6.0,Utah Jazz,28.6,6.0,5.0,0.545,5.0,6.0,121.4,122.3,-0.9,96.3,0.288,0.518,0.616,,0.579,12.4,23.7,0.231,,0.562,9.6,76.7,0.208
7.0,Portland Trail Blazers,28.5,2.0,4.0,0.333,3.0,3.0,121.6,122.9,-1.3,95.0,0.257,0.443,0.608,,0.567,10.7,22.2,0.219,,0.555,9.9,73.5,0.216
8.0,Atlanta Hawks,25.6,10.0,8.0,0.556,8.0,10.0,109.8,111.3,-1.5,96.8,0.241,0.394,0.554,,0.516,11.5,20.9,0.192,,0.52,11.6,75.0,0.197
9.0,Dallas Mavericks,26.2,3.0,4.0,0.429,2.0,5.0,115.5,121.1,-5.6,91.8,0.233,0.407,0.559,,0.534,10.4,23.7,0.164,,0.571,10.9,77.4,0.246
10.0,Denver Nuggets,26.3,4.0,6.0,0.4,3.0,7.0,116.8,122.4,-5.6,96.3,0.227,0.418,0.566,,0.536,9.9,25.1,0.172,,0.576,10.6,79.6,0.223
11.0,Los Angeles Lakers,29.1,2.0,4.0,0.333,2.0,4.0,104.0,110.9,-6.9,93.8,0.295,0.396,0.52,,0.473,12.9,23.7,0.229,,0.53,12.1,80.3,0.212
12.0,New York Knicks,27.3,1.0,4.0,0.2,1.0,4.0,103.5,111.0,-7.5,93.7,0.252,0.352,0.505,,0.458,11.3,24.6,0.206,,0.519,10.4,81.2,0.189
13.0,Memphis Grizzlies,24.0,1.0,4.0,0.2,1.0,4.0,115.6,124.0,-8.4,99.5,0.216,0.335,0.556,,0.523,9.1,23.8,0.172,,0.586,12.2,75.4,0.257
14.0,Boston Celtics,25.0,1.0,4.0,0.2,1.0,4.0,117.1,128.7,-11.6,95.8,0.311,0.415,0.56,,0.508,11.5,28.8,0.256,,0.582,10.6,73.5,0.296
15.0,Washington Wizards,27.4,1.0,4.0,0.2,1.0,4.0,107.6,121.3,-13.7,102.2,0.327,0.273,0.543,,0.498,11.7,23.1,0.246,,0.575,10.3,77.4,0.234
16.0,Miami Heat,28.8,0.0,4.0,0.0,0.0,4.0,96.6,116.8,-20.2,98.9,0.227,0.401,0.499,,0.462,12.5,17.1,0.174,,0.538,12.6,68.6,0.177
,League Average,27.6,,,,5.0,5.0,114.3,114.3,,96.1,0.256,0.395,0.571,,0.534,11.2,22.8,0.201,,0.534,11.2,77.2,0.201
1.0,Golden State Warriors,28.2,16.0,6.0,0.727,14.0,8.0,115.2,110.0,5.2,97.1,0.23,0.433,0.59,,0.561,13.3,23.6,0.176,,0.522,12.7,77.5,0.205
2.0,Miami Heat,28.3,11.0,7.0,0.611,11.0,7.0,110.6,106.6,4.0,94.2,0.253,0.408,0.55,,0.509,12.0,23.3,0.203,,0.52,14.9,79.4,0.251
3.0,Boston Celtics,26.3,14.0,10.0,0.583,15.0,9.0,110.7,107.0,3.7,95.3,0.283,0.448,0.574,,0.533,13.8,21.9,0.226,,0.501,12.3,76.9,0.181
4.0,Memphis Grizzlies,23.9,6.0,6.0,0.5,7.0,5.0,110.2,107.8,2.4,102.1,0.297,0.392,0.545,,0.507,11.9,25.8,0.218,,0.53,15.6,77.7,0.211
5.0,Milwaukee Bucks,29.5,7.0,5.0,0.583,7.0,5.0,104.4,102.8,1.6,98.5,0.236,0.367,0.529,,0.498,12.4,21.6,0.172,,0.499,11.9,83.8,0.168
6.0,Dallas Mavericks,27.1,9.0,9.0,0.5,9.0,9.0,114.9,114.1,0.8,92.6,0.289,0.513,0.584,,0.546,10.1,15.7,0.223,,0.539,12.8,74.7,0.214
7.0,Philadelphia 76ers,27.4,6.0,6.0,0.5,6.0,6.0,112.3,112.0,0.3,92.2,0.29,0.426,0.592,,0.545,14.3,20.4,0.246,,0.512,11.0,75.8,0.207
8.0,Phoenix Suns,27.8,7.0,6.0,0.538,6.0,7.0,115.6,116.7,-1.1,93.1,0.229,0.328,0.591,,0.557,12.7,24.2,0.187,,0.539,12.2,73.8,0.237
9.0,New Orleans Pelicans,25.5,2.0,4.0,0.333,3.0,3.0,117.6,119.2,-1.6,93.4,0.342,0.312,0.566,,0.518,13.0,35.0,0.267,,0.575,10.7,80.3,0.193
10.0,Brooklyn Nets,29.5,0.0,4.0,0.0,1.0,3.0,116.3,121.1,-4.8,93.8,0.33,0.349,0.61,,0.577,14.6,23.0,0.244,,0.562,12.9,69.9,0.223
11.0,Minnesota Timberwolves,24.8,2.0,4.0,0.333,2.0,4.0,106.4,111.8,-5.4,102.6,0.341,0.435,0.579,,0.527,15.8,17.1,0.276,,0.519,13.6,72.5,0.268
12.0,Utah Jazz,29.1,2.0,4.0,0.333,2.0,4.0,108.8,115.0,-6.2,91.0,0.335,0.378,0.546,,0.495,11.5,22.8,0.264,,0.54,8.7,85.5,0.217
13.0,Denver Nuggets,28.1,1.0,4.0,0.2,1.0,4.0,113.6,121.8,-8.2,96.9,0.304,0.379,0.586,,0.543,14.9,28.0,0.242,,0.608,12.2,81.4,0.23
14.0,Toronto Raptors,25.3,2.0,4.0,0.333,2.0,4.0,111.2,120.2,-9.0,91.2,0.244,0.382,0.542,,0.503,9.5,23.0,0.194,,0.576,14.0,76.7,0.275
15.0,Atlanta Hawks,25.5,1.0,4.0,0.2,1.0,4.0,102.3,114.9,-12.6,95.2,0.281,0.448,0.554,,0.513,15.7,21.3,0.22,,0.542,12.2,79.0,0.194
16.0,Chicago Bulls,26.4,1.0,4.0,0.2,1.0,4.0,94.9,109.4,-14.5,100.3,0.16,0.408,0.493,,0.461,11.9,15.8,0.133,,0.553,13.9,81.4,0.17
,League Average,27.2,,,,6.0,5.0,111.2,111.2,,95.5,0.27,0.413,0.567,,0.529,12.8,22.3,0.212,,0.529,12.8,77.7,0.212
1.0,Denver Nuggets,26.8,16.0,4.0,0.8,15.0,5.0,119.5,110.8,8.7,94.4,0.257,0.349,0.593,,0.557,10.8,25.2,0.206,,0.515,10.4,80.7,0.198
2.0,Boston Celtics,27.7,11.0,9.0,0.55,12.0,8.0,117.2,113.7,3.5,95.0,0.234,0.452,0.594,,0.56,11.6,23.0,0.189,,0.527,11.4,77.5,0.185
3.0,Los Angeles Lakers,27.8,8.0,8.0,0.5,9.0,7.0,113.7,111.3,2.4,98.1,0.285,0.347,0.573,,0.529,10.9,21.1,0.23,,0.513,11.4,74.0,0.148
4.0,Miami Heat,29.0,13.0,10.0,0.565,13.0,10.0,114.1,112.5,1.6,94.5,0.228,0.388,0.567,,0.531,10.9,21.5,0.185,,0.534,12.6,74.9,0.213
5.0,New York Knicks,24.7,6.0,5.0,0.545,6.0,5.0,108.9,108.5,0.4,91.9,0.329,0.402,0.537,,0.492,13.6,30.8,0.246,,0.502,12.2,76.8,0.206
6.0,Golden State Warriors,28.6,6.0,7.0,0.462,6.0,7.0,111.9,112.1,-0.2,101.0,0.21,0.454,0.553,,0.525,12.3,26.6,0.158,,0.511,11.0,75.3,0.222
7.0,Philadelphia 76ers,28.3,7.0,4.0,0.636,5.0,6.0,111.2,112.8,-1.6,91.4,0.227,0.404,0.555,,0.51,11.8,23.5,0.201,,0.54,11.4,81.4,0.197
8.0,Sacramento Kings,25.3,3.0,4.0,0.429,3.0,4.0,110.7,112.8,-2.1,102.7,0.269,0.416,0.532,,0.493,11.7,28.9,0.205,,0.527,12.3,73.8,0.205
9.0,Phoenix Suns,29.1,6.0,5.0,0.545,5.0,6.0,117.0,119.4,-2.4,97.6,0.269,0.297,0.588,,0.55,11.1,22.9,0.215,,0.543,11.1,73.4,0.231
10.0,Milwaukee Bucks,30.8,1.0,4.0,0.2,2.0,3.0,114.0,118.9,-4.9,102.1,0.231,0.445,0.582,,0.559,12.4,22.5,0.164,,0.605,13.0,82.2,0.171
11.0,Atlanta Hawks,25.2,2.0,4.0,0.333,2.0,4.0,115.0,120.3,-5.3,100.7,0.176,0.388,0.558,,0.529,11.0,25.1,0.144,,0.6,11.6,78.5,0.144
12.0,Cleveland Cavaliers,25.0,1.0,4.0,0.2,2.0,3.0,103.4,109.3,-5.9,91.1,0.237,0.39,0.544,,0.513,15.4,23.2,0.176,,0.48,13.8,65.1,0.229
13.0,Los Angeles Clippers,30.2,1.0,4.0,0.2,2.0,3.0,117.1,123.6,-6.5,98.7,0.298,0.381,0.577,,0.529,12.3,26.8,0.246,,0.57,10.9,72.7,0.268
14.0,Memphis Grizzlies,24.1,2.0,4.0,0.333,2.0,4.0,104.0,111.4,-7.4,99.0,0.201,0.404,0.504,,0.465,11.1,25.6,0.168,,0.523,12.9,74.6,0.191
15.0,Minnesota Timberwolves,27.4,1.0,4.0,0.2,1.0,4.0,109.7,118.9,-9.2,94.1,0.293,0.39,0.565,,0.525,12.1,19.5,0.225,,0.552,11.0,75.1,0.196
16.0,Brooklyn Nets,27.3,0.0,4.0,0.0,1.0,3.0,103.1,115.6,-12.5,89.7,0.236,0.447,0.542,,0.513,12.6,14.0,0.172,,0.529,12.6,68.8,0.155
17.0,Chicago Bulls,,0.0,0.0,,,,,,,,,,,,,,,,,,,,
18.0,New Orleans Pelicans,,0.0,0.0,,,,,,,,,,,,,,,,,,,,
19.0,Oklahoma City Thunder,,0.0,0.0,,,,,,,,,,,,,,,,,,,,
20.0,Toronto Raptors,,0.0,0.0,,,,,,,,,,,,,,,,,,,,
,League Average,27.5,,,,5.0,5.0,113.5,113.5,,96.1,0.248,0.393,0.566,,,11.7,24.0,0.197,,,11.7,76.0,0.197
